,date,bitcoin
0,2019-10-06,5.3816575475581825
1,2019-10-05,5.137036749941902
2,2019-10-04,5.626278345174463
3,2019-10-03,6.360140738023307
4,2019-10-02,6.115519940407026
5,2019-10-01,6.8493823332558685
6,2019-09-30,7.094003130872149
7,2019-09-29,6.115519940407026
8,2019-09-28,6.604761535639588
9,2019-09-27,7.827865523720993
10,2019-09-26,8.806348714186116
11,2019-09-25,9.54021110703496
12,2019-09-24,8.072486321337275
13,2019-09-23,5.870899142790745
14,2019-09-22,5.137036749941902
15,2019-09-21,4.892415952325621
16,2019-09-20,5.626278345174463
17,2019-09-19,6.115519940407026
18,2019-09-18,5.626278345174463
19,2019-09-17,5.3816575475581825
20,2019-09-16,5.626278345174463
21,2019-09-15,5.137036749941902
22,2019-09-14,5.137036749941902
23,2019-09-13,5.870899142790745
24,2019-09-12,6.115519940407026
25,2019-09-11,6.115519940407026
26,2019-09-10,6.115519940407026
27,2019-09-09,6.360140738023307
28,2019-09-08,5.626278345174463
29,2019-09-07,5.870899142790745
30,2019-09-06,7.094003130872149
31,2019-09-05,6.604761535639588
32,2019-09-04,7.094003130872149
33,2019-09-03,7.827865523720993
34,2019-09-02,7.094003130872149
35,2019-09-01,5.626278345174463
36,2019-08-31,5.870899142790745
37,2019-08-30,6.604761535639588
38,2019-08-29,7.827865523720993
39,2019-08-28,7.094003130872149
40,2019-08-27,7.094003130872149
41,2019-08-26,7.338623928488431
42,2019-08-25,6.360140738023307
43,2019-08-24,6.360140738023307
44,2019-08-23,7.094003130872149
45,2019-08-22,7.338623928488431
46,2019-08-21,7.827865523720993
47,2019-08-20,7.583244726104712
48,2019-08-19,7.827865523720993
49,2019-08-18,6.604761535639588
50,2019-08-17,6.604761535639588
51,2019-08-16,7.827865523720993
52,2019-08-15,9.29559030941868
53,2019-08-14,8.806348714186116
54,2019-08-13,7.827865523720993
55,2019-08-12,7.827865523720993
56,2019-08-11,6.8493823332558685
57,2019-08-10,7.338623928488431
58,2019-08-09,7.827865523720993
59,2019-08-08,8.806348714186116
60,2019-08-07,9.54021110703496
61,2019-08-06,10.518694297500085
62,2019-08-05,10.763315095116365
63,2019-08-04,7.094003130872149
64,2019-08-03,7.338623928488431
65,2019-08-02,8.072486321337275
66,2019-08-01,7.583244726104712
67,2019-07-31,7.583244726104712
68,2019-07-30,7.583244726104712
69,2019-07-29,7.827865523720993
70,2019-07-28,7.094003130872149
71,2019-07-27,7.827865523720993
72,2019-07-26,7.583244726104712
73,2019-07-25,8.072486321337275
74,2019-07-24,8.317107118953555
75,2019-07-23,8.317107118953555
76,2019-07-22,8.072486321337275
77,2019-07-21,7.583244726104712
78,2019-07-20,7.583244726104712
79,2019-07-19,9.050969511802398
80,2019-07-18,10.274073499883803
81,2019-07-17,11.252556690348927
82,2019-07-16,11.007935892732647
83,2019-07-15,10.518694297500085
84,2019-07-14,8.806348714186116
85,2019-07-13,8.561727916569836
86,2019-07-12,10.274073499883803
87,2019-07-11,10.518694297500085
88,2019-07-10,11.497177487965208
89,2019-07-09,11.007935892732647
90,2019-07-08,9.54021110703496
91,2019-07-07,7.583244726104712
92,2019-07-06,8.072486321337275
93,2019-07-05,9.29559030941868
94,2019-07-04,10.274073499883803
95,2019-07-03,11.007935892732647
96,2019-07-02,11.98641908319777
97,2019-07-01,11.98641908319777
98,2019-06-30,10.274073499883803
99,2019-06-29,11.74179828558149
100,2019-06-28,15.411110249825704
101,2019-06-27,20.303526202151325
102,2019-06-26,24.462079761628104
103,2019-06-25,13.943385464128019
104,2019-06-24,12.231039880814052
105,2019-06-23,11.98641908319777
106,2019-06-22,17.123455833139673
107,2019-06-21,10.763315095116365
108,2019-06-20,8.317107118953555
109,2019-06-19,8.317107118953555
110,2019-06-18,9.54021110703496
111,2019-06-17,9.784831904651242
112,2019-06-16,9.050969511802398
113,2019-06-15,7.338623928488431
114,2019-06-14,7.094003130872149
115,2019-06-13,6.604761535639588
116,2019-06-12,6.604761535639588
117,2019-06-11,6.604761535639588
118,2019-06-10,6.604761535639588
119,2019-06-09,6.115519940407026
120,2019-06-08,6.115519940407026
121,2019-06-07,7.338623928488431
122,2019-06-06,7.338623928488431
123,2019-06-05,7.827865523720993
124,2019-06-04,9.050969511802398
125,2019-06-03,7.827865523720993
126,2019-06-02,7.094003130872149
127,2019-06-01,7.338623928488431
128,2019-05-31,8.806348714186116
129,2019-05-30,9.29559030941868
130,2019-05-29,8.806348714186116
131,2019-05-28,9.29559030941868
132,2019-05-27,10.518694297500085
133,2019-05-26,7.338623928488431
134,2019-05-25,6.8493823332558685
135,2019-05-24,7.827865523720993
136,2019-05-23,7.827865523720993
137,2019-05-22,8.317107118953555
138,2019-05-21,9.050969511802398
139,2019-05-20,9.29559030941868
140,2019-05-19,9.050969511802398
141,2019-05-18,8.317107118953555
142,2019-05-17,11.007935892732647
143,2019-05-16,11.007935892732647
144,2019-05-15,12.231039880814052
145,2019-05-14,14.677247856976862
146,2019-05-13,12.475660678430332
147,2019-05-12,11.007935892732647
148,2019-05-11,10.518694297500085
149,2019-05-10,8.072486321337275
150,2019-05-09,7.583244726104712
151,2019-05-08,6.8493823332558685
152,2019-05-07,6.604761535639588
153,2019-05-06,5.870899142790745
154,2019-05-05,5.626278345174463
155,2019-05-04,5.626278345174463
156,2019-05-03,6.8493823332558685
157,2019-05-02,5.3816575475581825
158,2019-05-01,4.892415952325621
159,2019-04-30,4.892415952325621
160,2019-04-29,5.137036749941902
161,2019-04-28,4.64779515470934
162,2019-04-27,4.64779515470934
163,2019-04-26,6.115519940407026
164,2019-04-25,5.870899142790745
165,2019-04-24,6.360140738023307
166,2019-04-23,7.094003130872149
167,2019-04-22,5.3816575475581825
168,2019-04-21,4.892415952325621
169,2019-04-20,5.137036749941902
170,2019-04-19,5.137036749941902
171,2019-04-18,5.3816575475581825
172,2019-04-17,5.626278345174463
173,2019-04-16,5.626278345174463
174,2019-04-15,5.626278345174463
175,2019-04-14,4.64779515470934
176,2019-04-13,4.892415952325621
177,2019-04-12,5.870899142790745
178,2019-04-11,6.360140738023307
179,2019-04-10,6.360140738023307
180,2019-04-09,6.115519940407026
181,2019-04-08,6.8493823332558685
182,2019-04-07,5.626278345174463
183,2019-04-06,5.626278345174463
184,2019-04-05,6.604761535639588
185,2019-04-04,8.072486321337275
186,2019-04-03,11.252556690348927
187,2019-04-02,10.763315095116365
188,2019-04-01,4.64779515470934
189,2019-03-31,3.6693119642442156
190,2019-03-30,3.9139327618604964
191,2019-03-29,4.403174357093058
192,2019-03-28,4.403174357093058
193,2019-03-27,4.64779515470934
194,2019-03-26,4.403174357093058
195,2019-03-25,4.158553559476777
196,2019-03-24,3.6693119642442156
197,2019-03-23,3.9139327618604964
198,2019-03-22,4.403174357093058
199,2019-03-21,4.64779515470934
200,2019-03-20,4.64779515470934
201,2019-03-19,4.64779515470934
202,2019-03-18,4.403174357093058
203,2019-03-17,3.9139327618604964
204,2019-03-16,4.158553559476777
205,2019-03-15,3.9139327618604964
206,2019-03-14,4.158553559476777
207,2019-03-13,4.158553559476777
208,2019-03-12,4.403174357093058
209,2019-03-11,4.158553559476777
210,2019-03-10,3.9139327618604964
211,2019-03-09,4.403174357093058
212,2019-03-08,4.158553559476777
213,2019-03-07,4.403174357093058
214,2019-03-06,4.64779515470934
215,2019-03-05,4.892415952325621
216,2019-03-04,4.403174357093058
217,2019-03-03,3.9139327618604964
218,2019-03-02,3.9139327618604964
219,2019-03-01,4.403174357093058
220,2019-02-28,4.403174357093058
221,2019-02-27,4.403174357093058
222,2019-02-26,4.892415952325621
223,2019-02-25,5.3816575475581825
224,2019-02-24,5.870899142790745
225,2019-02-23,4.892415952325621
226,2019-02-22,4.892415952325621
227,2019-02-21,5.137036749941902
228,2019-02-20,5.3816575475581825
229,2019-02-19,5.870899142790745
230,2019-02-18,5.626278345174463
231,2019-02-17,3.9139327618604964
232,2019-02-16,4.158553559476777
233,2019-02-15,4.158553559476777
234,2019-02-14,4.403174357093058
235,2019-02-13,4.64779515470934
236,2019-02-12,4.64779515470934
237,2019-02-11,4.64779515470934
238,2019-02-10,4.403174357093058
239,2019-02-09,4.892415952325621
240,2019-02-08,4.892415952325621
241,2019-02-07,4.892415952325621
242,2019-02-06,5.3816575475581825
243,2019-02-05,5.626278345174463
244,2019-02-04,4.892415952325621
245,2019-02-03,3.9139327618604964
246,2019-02-02,3.9139327618604964
247,2019-02-01,4.403174357093058
248,2019-01-31,4.64779515470934
249,2019-01-30,4.591101880497024
250,2019-01-29,4.846163096080192
251,2019-01-28,4.973693703871777
252,2019-01-27,4.080979449330688
253,2019-01-26,3.953448841539104
254,2019-01-25,4.591101880497024
255,2019-01-24,4.718632488288608
256,2019-01-23,4.591101880497024
257,2019-01-22,4.718632488288608
258,2019-01-21,4.591101880497024
259,2019-01-20,4.080979449330688
260,2019-01-19,4.080979449330688
261,2019-01-18,4.718632488288608
262,2019-01-17,4.718632488288608
263,2019-01-16,4.973693703871777
264,2019-01-15,5.2287549194549445
265,2019-01-14,5.483816135038112
266,2019-01-13,4.846163096080192
267,2019-01-12,4.846163096080192
268,2019-01-11,5.611346742829696
269,2019-01-10,6.376530389579201
270,2019-01-09,5.483816135038112
271,2019-01-08,5.483816135038112
272,2019-01-07,5.483816135038112
273,2019-01-06,5.10122431166336
274,2019-01-05,4.591101880497024
275,2019-01-04,5.611346742829696
276,2019-01-03,5.993938566204449
277,2019-01-02,5.738877350621281
278,2019-01-01,5.10122431166336
279,2018-12-31,5.10122431166336
280,2018-12-30,5.2287549194549445
281,2018-12-29,5.483816135038112
282,2018-12-28,6.121469173996033
283,2018-12-27,6.248999781787616
284,2018-12-26,5.993938566204449
285,2018-12-25,6.376530389579201
286,2018-12-24,6.6315916051623685
287,2018-12-23,5.866407958412863
288,2018-12-22,5.866407958412863
289,2018-12-21,7.269244644120287
290,2018-12-20,7.906897683078208
291,2018-12-19,7.65183646749504
292,2018-12-18,7.01418342853712
293,2018-12-17,7.141714036328704
294,2018-12-16,5.866407958412863
295,2018-12-15,6.248999781787616
296,2018-12-14,7.269244644120287
297,2018-12-13,6.6315916051623685
298,2018-12-12,6.376530389579201
299,2018-12-11,6.6315916051623685
300,2018-12-10,7.141714036328704
301,2018-12-09,6.504060997370784
302,2018-12-08,6.886652820745536
303,2018-12-07,9.437264976577216
304,2018-12-06,7.269244644120287
305,2018-12-05,6.504060997370784
306,2018-12-04,6.886652820745536
307,2018-12-03,6.886652820745536
308,2018-12-02,5.611346742829696
309,2018-12-01,6.248999781787616
310,2018-11-30,7.141714036328704
311,2018-11-29,7.65183646749504
312,2018-11-28,8.672081329827712
313,2018-11-27,9.564795584368799
314,2018-11-26,10.329979231118305
315,2018-11-25,10.712571054493056
316,2018-11-24,7.01418342853712
317,2018-11-23,7.65183646749504
318,2018-11-22,7.396775251911872
319,2018-11-21,9.947387407743554
320,2018-11-20,12.753060779158401
321,2018-11-19,8.799611937619296
322,2018-11-18,5.2287549194549445
323,2018-11-17,5.611346742829696
324,2018-11-16,6.886652820745536
325,2018-11-15,8.92714254541088
326,2018-11-14,7.779367075286625
327,2018-11-13,4.973693703871777
328,2018-11-12,4.718632488288608
329,2018-11-11,4.208510057122273
330,2018-11-10,4.080979449330688
331,2018-11-09,4.846163096080192
332,2018-11-08,4.973693703871777
333,2018-11-07,4.973693703871777
334,2018-11-06,5.2287549194549445
335,2018-11-05,5.356285527246528
336,2018-11-04,4.718632488288608
337,2018-11-03,4.208510057122273
338,2018-11-02,4.718632488288608
339,2018-11-01,4.846163096080192
340,2018-10-31,5.10122431166336
341,2018-10-30,4.846163096080192
342,2018-10-29,4.973693703871777
343,2018-10-28,3.82591823374752
344,2018-10-27,4.208510057122273
345,2018-10-26,4.591101880497024
346,2018-10-25,4.973693703871777
347,2018-10-24,4.973693703871777
348,2018-10-23,5.10122431166336
349,2018-10-22,4.846163096080192
350,2018-10-21,4.208510057122273
351,2018-10-20,4.208510057122273
352,2018-10-19,4.846163096080192
353,2018-10-18,5.10122431166336
354,2018-10-17,5.10122431166336
355,2018-10-16,5.356285527246528
356,2018-10-15,6.121469173996033
357,2018-10-14,4.591101880497024
358,2018-10-13,4.591101880497024
359,2018-10-12,5.483816135038112
360,2018-10-11,6.759122212953952
361,2018-10-10,5.2287549194549445
362,2018-10-09,5.10122431166336
363,2018-10-08,4.718632488288608
364,2018-10-07,4.080979449330688
365,2018-10-06,4.336040664913856
366,2018-10-05,4.846163096080192
367,2018-10-04,5.10122431166336
368,2018-10-03,5.10122431166336
369,2018-10-02,4.973693703871777
370,2018-10-01,4.973693703871777
371,2018-09-30,4.718632488288608
372,2018-09-29,4.46357127270544
373,2018-09-28,5.356285527246528
374,2018-09-27,5.356285527246528
375,2018-09-26,5.611346742829696
376,2018-09-25,5.483816135038112
377,2018-09-24,5.356285527246528
378,2018-09-23,4.973693703871777
379,2018-09-22,5.2287549194549445
380,2018-09-21,6.121469173996033
381,2018-09-20,5.738877350621281
382,2018-09-19,5.738877350621281
383,2018-09-18,5.611346742829696
384,2018-09-17,5.483816135038112
385,2018-09-16,4.973693703871777
386,2018-09-15,5.2287549194549445
387,2018-09-14,5.866407958412863
388,2018-09-13,6.504060997370784
389,2018-09-12,6.759122212953952
390,2018-09-11,6.248999781787616
391,2018-09-10,6.248999781787616
392,2018-09-09,5.483816135038112
393,2018-09-08,5.738877350621281
394,2018-09-07,6.759122212953952
395,2018-09-06,8.544550722036128
396,2018-09-05,7.65183646749504
397,2018-09-04,6.376530389579201
398,2018-09-03,5.866407958412863
399,2018-09-02,5.816131615602502
400,2018-09-01,5.310381040332719
401,2018-08-31,5.816131615602502
402,2018-08-30,6.574757478507176
403,2018-08-29,6.574757478507176
404,2018-08-28,6.701195122324622
405,2018-08-27,5.689693971785055
406,2018-08-26,5.183943396515273
407,2018-08-25,5.436818684150165
408,2018-08-24,5.689693971785055
409,2018-08-23,6.321882190872285
410,2018-08-22,7.080508053776958
411,2018-08-21,6.448319834689731
412,2018-08-20,6.195444547054839
413,2018-08-19,5.057505752697828
414,2018-08-18,5.5632563279676095
415,2018-08-17,6.195444547054839
416,2018-08-16,6.574757478507176
417,2018-08-15,7.586258629046741
418,2018-08-14,8.21844684813397
419,2018-08-13,6.8276327661420675
420,2018-08-12,5.9425692594199475
421,2018-08-11,6.954070409959512
422,2018-08-10,6.8276327661420675
423,2018-08-09,7.080508053776958
424,2018-08-08,8.21844684813397
425,2018-08-07,6.701195122324622
426,2018-08-06,6.321882190872285
427,2018-08-05,5.816131615602502
428,2018-08-04,6.195444547054839
429,2018-08-03,6.574757478507176
430,2018-08-02,6.195444547054839
431,2018-08-01,6.701195122324622
432,2018-07-31,6.954070409959512
433,2018-07-30,6.574757478507176
434,2018-07-29,5.816131615602502
435,2018-07-28,6.195444547054839
436,2018-07-27,7.586258629046741
437,2018-07-26,7.586258629046741
438,2018-07-25,8.471322135768862
439,2018-07-24,9.482823286308427
440,2018-07-23,7.206945697594405
441,2018-07-22,5.689693971785055
442,2018-07-21,5.9425692594199475
443,2018-07-20,6.954070409959512
444,2018-07-19,7.459820985229295
445,2018-07-18,8.724197423403753
446,2018-07-17,7.586258629046741
447,2018-07-16,5.9425692594199475
448,2018-07-15,5.057505752697828
449,2018-07-14,5.183943396515273
450,2018-07-13,5.689693971785055
451,2018-07-12,5.9425692594199475
452,2018-07-11,5.436818684150165
453,2018-07-10,5.9425692594199475
454,2018-07-09,5.9425692594199475
455,2018-07-08,5.436818684150165
456,2018-07-07,4.804630465062936
457,2018-07-06,5.5632563279676095
458,2018-07-05,6.321882190872285
459,2018-07-04,6.069006903237393
460,2018-07-03,6.321882190872285
461,2018-07-02,6.574757478507176
462,2018-07-01,5.689693971785055
463,2018-06-30,6.954070409959512
464,2018-06-29,7.965571560499077
465,2018-06-28,5.9425692594199475
466,2018-06-27,6.069006903237393
467,2018-06-26,6.195444547054839
468,2018-06-25,6.8276327661420675
469,2018-06-24,7.33338334141185
470,2018-06-23,6.321882190872285
471,2018-06-22,7.33338334141185
472,2018-06-21,5.9425692594199475
473,2018-06-20,6.195444547054839
474,2018-06-19,6.321882190872285
475,2018-06-18,6.574757478507176
476,2018-06-17,5.689693971785055
477,2018-06-16,5.9425692594199475
478,2018-06-15,6.701195122324622
479,2018-06-14,7.586258629046741
480,2018-06-13,8.8506350672212
481,2018-06-12,7.965571560499077
482,2018-06-11,9.609260930125872
483,2018-06-10,7.206945697594405
484,2018-06-09,5.057505752697828
485,2018-06-08,5.816131615602502
486,2018-06-07,6.069006903237393
487,2018-06-06,6.069006903237393
488,2018-06-05,6.195444547054839
489,2018-06-04,6.195444547054839
490,2018-06-03,5.816131615602502
491,2018-06-02,5.689693971785055
492,2018-06-01,5.9425692594199475
493,2018-05-31,6.195444547054839
494,2018-05-30,6.8276327661420675
495,2018-05-29,7.33338334141185
496,2018-05-28,6.954070409959512
497,2018-05-27,6.321882190872285
498,2018-05-26,6.069006903237393
499,2018-05-25,7.080508053776958
500,2018-05-24,8.092009204316524
501,2018-05-23,8.597759779586307
502,2018-05-22,6.8276327661420675
503,2018-05-21,6.574757478507176
504,2018-05-20,5.9425692594199475
505,2018-05-19,5.9425692594199475
506,2018-05-18,6.954070409959512
507,2018-05-17,7.080508053776958
508,2018-05-16,7.33338334141185
509,2018-05-15,7.33338334141185
510,2018-05-14,7.839133916681633
511,2018-05-13,6.701195122324622
512,2018-05-12,7.33338334141185
513,2018-05-11,8.977072711038645
514,2018-05-10,7.586258629046741
515,2018-05-09,7.33338334141185
516,2018-05-08,7.839133916681633
517,2018-05-07,8.21844684813397
518,2018-05-06,7.459820985229295
519,2018-05-05,7.839133916681633
520,2018-05-04,7.839133916681633
521,2018-05-03,7.839133916681633
522,2018-05-02,7.586258629046741
523,2018-05-01,7.839133916681633
524,2018-04-30,7.839133916681633
525,2018-04-29,7.206945697594405
526,2018-04-28,7.459820985229295
527,2018-04-27,8.471322135768862
528,2018-04-26,8.471322135768862
529,2018-04-25,10.115011505395657
530,2018-04-24,10.747199724482883
531,2018-04-23,9.35638564249098
532,2018-04-22,8.344884491951415
533,2018-04-21,8.21844684813397
534,2018-04-20,9.103510354856091
535,2018-04-19,8.977072711038645
536,2018-04-18,8.724197423403753
537,2018-04-17,8.724197423403753
538,2018-04-16,9.103510354856091
539,2018-04-15,8.471322135768862
540,2018-04-14,8.471322135768862
541,2018-04-13,11.252950299752667
542,2018-04-12,11.632263231205004
543,2018-04-11,8.8506350672212
544,2018-04-10,9.862136217760764
545,2018-04-09,9.98857386157821
546,2018-04-08,8.21844684813397
547,2018-04-07,8.724197423403753
548,2018-04-06,11.000075012117776
549,2018-04-05,11.0
550,2018-04-04,10.0
551,2018-04-03,11.0
552,2018-04-02,12.000000000000002
553,2018-04-01,11.0
554,2018-03-31,10.0
555,2018-03-30,14.0
556,2018-03-29,12.000000000000002
557,2018-03-28,10.0
558,2018-03-27,11.0
559,2018-03-26,12.000000000000002
560,2018-03-25,9.0
561,2018-03-24,9.0
562,2018-03-23,10.0
563,2018-03-22,11.0
564,2018-03-21,11.0
565,2018-03-20,11.0
566,2018-03-19,12.000000000000002
567,2018-03-18,13.0
568,2018-03-17,11.0
569,2018-03-16,12.000000000000002
570,2018-03-15,14.0
571,2018-03-14,13.0
572,2018-03-13,11.0
573,2018-03-12,11.0
574,2018-03-11,10.0
575,2018-03-10,10.0
576,2018-03-09,14.0
577,2018-03-08,13.0
578,2018-03-07,13.0
579,2018-03-06,11.0
580,2018-03-05,11.0
581,2018-03-04,10.0
582,2018-03-03,11.0
583,2018-03-02,11.0
584,2018-03-01,11.0
585,2018-02-28,12.000000000000002
586,2018-02-27,13.0
587,2018-02-26,13.0
588,2018-02-25,11.0
589,2018-02-24,12.000000000000002
590,2018-02-23,14.0
591,2018-02-22,15.000000000000002
592,2018-02-21,17.0
593,2018-02-20,16.0
594,2018-02-19,15.000000000000002
595,2018-02-18,16.0
596,2018-02-17,15.000000000000002
597,2018-02-16,17.0
598,2018-02-15,18.0
599,2018-02-14,17.0
600,2018-02-13,17.0
601,2018-02-12,18.0
602,2018-02-11,16.0
603,2018-02-10,18.0
604,2018-02-09,22.0
605,2018-02-08,24.999999999999996
606,2018-02-07,30.000000000000004
607,2018-02-06,49.0
608,2018-02-05,38.0
609,2018-02-04,21.0
610,2018-02-03,24.999999999999996
611,2018-02-02,38.0
612,2018-02-01,28.0
613,2018-01-31,22.0
614,2018-01-30,21.0
615,2018-01-29,19.0
616,2018-01-28,18.0
617,2018-01-27,19.0
618,2018-01-26,23.000000000000004
619,2018-01-25,22.0
620,2018-01-24,24.000000000000004
621,2018-01-23,26.0
622,2018-01-22,27.000000000000004
623,2018-01-21,23.000000000000004
624,2018-01-20,24.999999999999996
625,2018-01-19,30.000000000000004
626,2018-01-18,41.0
627,2018-01-17,59.0
628,2018-01-16,44.0
629,2018-01-15,22.0
630,2018-01-14,22.0
631,2018-01-13,23.000000000000004
632,2018-01-12,28.0
633,2018-01-11,33.0
634,2018-01-10,29.0
635,2018-01-09,28.0
636,2018-01-08,30.000000000000004
637,2018-01-07,26.0
638,2018-01-06,26.0
639,2018-01-05,29.0
640,2018-01-04,30.000000000000004
641,2018-01-03,31.000000000000004
642,2018-01-02,32.0
643,2018-01-01,26.0
644,2017-12-31,28.0
645,2017-12-30,34.0
646,2017-12-29,34.0
647,2017-12-28,38.0
648,2017-12-27,39.0
649,2017-12-26,40.0
650,2017-12-25,41.0
651,2017-12-24,48.00000000000001
652,2017-12-23,63.00000000000001
653,2017-12-22,99.99999999999999
654,2017-12-21,53.0
655,2017-12-20,69.99999999999999
656,2017-12-19,49.99999999999999
657,2017-12-18,48.00000000000001
658,2017-12-17,47.0
659,2017-12-16,42.0
660,2017-12-15,43.0
661,2017-12-14,47.0
662,2017-12-13,55.0
663,2017-12-12,60.00000000000001
664,2017-12-11,64.0
665,2017-12-10,55.0
666,2017-12-09,59.0
667,2017-12-08,87.0
668,2017-12-07,96.00000000000001
669,2017-12-06,49.0
670,2017-12-05,36.0
671,2017-12-04,34.99999999999999
672,2017-12-03,30.000000000000004
673,2017-12-02,31.000000000000004
674,2017-12-01,39.0
675,2017-11-30,52.0
676,2017-11-29,62.00000000000001
677,2017-11-28,38.0
678,2017-11-27,33.0
679,2017-11-26,24.000000000000004
680,2017-11-25,16.0
681,2017-11-24,15.000000000000002
682,2017-11-23,16.0
683,2017-11-22,18.0
684,2017-11-21,20.0
685,2017-11-20,19.0
686,2017-11-19,15.000000000000002
687,2017-11-18,16.0
688,2017-11-17,21.0
689,2017-11-16,18.0
690,2017-11-15,17.0
691,2017-11-14,17.0
692,2017-11-13,22.0
693,2017-11-12,24.999999999999996
694,2017-11-11,20.0
695,2017-11-10,21.0
696,2017-11-09,17.0
697,2017-11-08,18.0
698,2017-11-07,17.0
699,2017-11-06,17.993111576023086
700,2017-11-05,16.993494266244028
701,2017-11-04,16.993494266244028
702,2017-11-03,20.99196350536027
703,2017-11-02,23.99081543469745
704,2017-11-01,17.993111576023086
705,2017-10-31,14.994259646685908
706,2017-10-30,12.995025027127786
707,2017-10-29,10.995790407569665
708,2017-10-28,9.996173097790605
709,2017-10-27,10.995790407569665
710,2017-10-26,12.995025027127786
711,2017-10-25,13.994642336906846
712,2017-10-24,14.994259646685908
713,2017-10-23,13.994642336906846
714,2017-10-22,11.995407717348725
715,2017-10-21,14.994259646685908
716,2017-10-20,12.995025027127786
717,2017-10-19,10.995790407569665
718,2017-10-18,10.995790407569665
719,2017-10-17,10.995790407569665
720,2017-10-16,11.995407717348725
721,2017-10-15,11.995407717348725
722,2017-10-14,12.995025027127786
723,2017-10-13,18.992728885802148
724,2017-10-12,14.994259646685908
725,2017-10-11,8.996555788011543
726,2017-10-10,8.996555788011543
727,2017-10-09,8.996555788011543
728,2017-10-08,7.996938478232484
729,2017-10-07,6.997321168453423
730,2017-10-06,7.996938478232484
731,2017-10-05,7.996938478232484
732,2017-10-04,7.996938478232484
733,2017-10-03,7.996938478232484
734,2017-10-02,7.996938478232484
735,2017-10-01,6.997321168453423
736,2017-09-30,6.997321168453423
737,2017-09-29,7.996938478232484
738,2017-09-28,7.996938478232484
739,2017-09-27,8.996555788011543
740,2017-09-26,7.996938478232484
741,2017-09-25,7.996938478232484
742,2017-09-24,6.997321168453423
743,2017-09-23,6.997321168453423
744,2017-09-22,8.996555788011543
745,2017-09-21,9.996173097790605
746,2017-09-20,8.996555788011543
747,2017-09-19,10.995790407569665
748,2017-09-18,11.995407717348725
749,2017-09-17,9.996173097790605
750,2017-09-16,11.995407717348725
751,2017-09-15,18.992728885802148
752,2017-09-14,16.993494266244028
753,2017-09-13,13.994642336906846
754,2017-09-12,9.996173097790605
755,2017-09-11,9.996173097790605
756,2017-09-10,8.996555788011543
757,2017-09-09,8.996555788011543
758,2017-09-08,10.995790407569665
759,2017-09-07,9.996173097790605
760,2017-09-06,10.995790407569665
761,2017-09-05,12.995025027127786
762,2017-09-04,12.995025027127786
763,2017-09-03,9.996173097790605
764,2017-09-02,11.995407717348725
765,2017-09-01,11.995407717348725
766,2017-08-31,10.995790407569665
767,2017-08-30,10.995790407569665
768,2017-08-29,9.996173097790605
769,2017-08-28,8.996555788011543
770,2017-08-27,7.996938478232484
771,2017-08-26,8.996555788011543
772,2017-08-25,9.996173097790605
773,2017-08-24,9.996173097790605
774,2017-08-23,9.996173097790605
775,2017-08-22,10.995790407569665
776,2017-08-21,9.996173097790605
777,2017-08-20,9.996173097790605
778,2017-08-19,10.995790407569665
779,2017-08-18,11.995407717348725
780,2017-08-17,11.995407717348725
781,2017-08-16,11.995407717348725
782,2017-08-15,13.994642336906846
783,2017-08-14,13.994642336906846
784,2017-08-13,12.995025027127786
785,2017-08-12,9.996173097790605
786,2017-08-11,8.996555788011543
787,2017-08-10,7.996938478232484
788,2017-08-09,8.996555788011543
789,2017-08-08,9.996173097790605
790,2017-08-07,8.996555788011543
791,2017-08-06,7.996938478232484
792,2017-08-05,9.996173097790605
793,2017-08-04,6.997321168453423
794,2017-08-03,7.996938478232484
795,2017-08-02,11.995407717348725
796,2017-08-01,12.995025027127786
797,2017-07-31,7.996938478232484
798,2017-07-30,5.997703858674362
799,2017-07-29,5.997703858674362
800,2017-07-28,6.997321168453423
801,2017-07-27,6.997321168453423
802,2017-07-26,6.997321168453423
803,2017-07-25,6.997321168453423
804,2017-07-24,6.997321168453423
805,2017-07-23,6.997321168453423
806,2017-07-22,5.997703858674362
807,2017-07-21,7.996938478232484
808,2017-07-20,6.997321168453423
809,2017-07-19,6.997321168453423
810,2017-07-18,6.997321168453423
811,2017-07-17,7.996938478232484
812,2017-07-16,7.996938478232484
813,2017-07-15,6.997321168453423
814,2017-07-14,5.997703858674362
815,2017-07-13,5.997703858674362
816,2017-07-12,5.997703858674362
817,2017-07-11,6.997321168453423
818,2017-07-10,5.997703858674362
819,2017-07-09,4.998086548895302
820,2017-07-08,4.998086548895302
821,2017-07-07,4.998086548895302
822,2017-07-06,5.997703858674362
823,2017-07-05,5.997703858674362
824,2017-07-04,5.997703858674362
825,2017-07-03,5.997703858674362
826,2017-07-02,5.997703858674362
827,2017-07-01,4.998086548895302
828,2017-06-30,5.997703858674362
829,2017-06-29,6.997321168453423
830,2017-06-28,7.996938478232484
831,2017-06-27,7.996938478232484
832,2017-06-26,6.997321168453423
833,2017-06-25,5.997703858674362
834,2017-06-24,6.997321168453423
835,2017-06-23,6.997321168453423
836,2017-06-22,6.997321168453423
837,2017-06-21,6.997321168453423
838,2017-06-20,6.997321168453423
839,2017-06-19,5.997703858674362
840,2017-06-18,5.997703858674362
841,2017-06-17,6.997321168453423
842,2017-06-16,7.996938478232484
843,2017-06-15,8.996555788011543
844,2017-06-14,7.996938478232484
845,2017-06-13,7.996938478232484
846,2017-06-12,8.996555788011543
847,2017-06-11,6.997321168453423
848,2017-06-10,6.997321168453423
849,2017-06-09,7.232922812665281
850,2017-06-08,7.41838237196439
851,2017-06-07,8.716599287058157
852,2017-06-06,9.458437524254597
853,2017-06-05,6.862003694067061
854,2017-06-04,6.120165456870622
855,2017-06-03,6.305625016169732
856,2017-06-02,6.862003694067061
857,2017-06-01,7.789301490562609
858,2017-05-31,7.974761049861719
859,2017-05-30,7.974761049861719
860,2017-05-29,8.16022060916083
861,2017-05-28,8.531139727759049
862,2017-05-27,11.127573557946587
863,2017-05-26,12.796709591638573
864,2017-05-25,16.691360336919878
865,2017-05-24,12.796709591638573
866,2017-05-23,11.313033117245697
867,2017-05-22,10.756654439348365
868,2017-05-21,6.862003694067061
869,2017-05-20,6.491084575468841
870,2017-05-19,6.676544134767952
871,2017-05-18,5.934705897571512
872,2017-05-17,6.491084575468841
873,2017-05-16,7.974761049861719
874,2017-05-15,8.716599287058157
875,2017-05-14,6.305625016169732
876,2017-05-13,7.41838237196439
877,2017-05-12,7.6038419312635
878,2017-05-11,6.120165456870622
879,2017-05-10,5.749246338272402
880,2017-05-09,6.120165456870622
881,2017-05-08,4.636488982477744
882,2017-05-07,4.080110304580415
883,2017-05-06,4.2655698638795245
884,2017-05-05,5.192867660375073
885,2017-05-04,5.3783272196741825
886,2017-05-03,4.4510294231786345
887,2017-05-02,4.2655698638795245
888,2017-05-01,3.8946507452813046
889,2017-04-30,3.152812508084866
890,2017-04-29,3.152812508084866
891,2017-04-28,3.338272067383976
892,2017-04-27,3.338272067383976
893,2017-04-26,3.338272067383976
894,2017-04-25,3.152812508084866
895,2017-04-24,2.967352948785756
896,2017-04-23,2.5964338301875367
897,2017-04-22,2.7818933894866467
898,2017-04-21,2.7818933894866467
899,2017-04-20,2.967352948785756
900,2017-04-19,2.967352948785756
901,2017-04-18,3.152812508084866
902,2017-04-17,2.967352948785756
903,2017-04-16,2.7818933894866467
904,2017-04-15,2.5964338301875367
905,2017-04-14,2.7818933894866467
906,2017-04-13,2.967352948785756
907,2017-04-12,2.967352948785756
908,2017-04-11,3.152812508084866
909,2017-04-10,2.967352948785756
910,2017-04-09,2.7818933894866467
911,2017-04-08,2.7818933894866467
912,2017-04-07,2.967352948785756
913,2017-04-06,2.967352948785756
914,2017-04-05,2.967352948785756
915,2017-04-04,2.967352948785756
916,2017-04-03,2.967352948785756
917,2017-04-02,2.7818933894866467
918,2017-04-01,2.7818933894866467
919,2017-03-31,2.7818933894866467
920,2017-03-30,2.967352948785756
921,2017-03-29,3.152812508084866
922,2017-03-28,2.967352948785756
923,2017-03-27,3.152812508084866
924,2017-03-26,3.152812508084866
925,2017-03-25,3.523731626683085
926,2017-03-24,3.338272067383976
927,2017-03-23,3.338272067383976
928,2017-03-22,3.523731626683085
929,2017-03-21,3.338272067383976
930,2017-03-20,3.338272067383976
931,2017-03-19,3.709191185982195
932,2017-03-18,4.080110304580415
933,2017-03-17,3.523731626683085
934,2017-03-16,3.338272067383976
935,2017-03-15,3.152812508084866
936,2017-03-14,3.338272067383976
937,2017-03-13,3.523731626683085
938,2017-03-12,3.338272067383976
939,2017-03-11,4.2655698638795245
940,2017-03-10,5.192867660375073
941,2017-03-09,3.8946507452813046
942,2017-03-08,4.080110304580415
943,2017-03-07,3.709191185982195
944,2017-03-06,3.8946507452813046
945,2017-03-05,3.338272067383976
946,2017-03-04,4.080110304580415
947,2017-03-03,5.192867660375073
948,2017-03-02,3.8946507452813046
949,2017-03-01,3.338272067383976
950,2017-02-28,3.152812508084866
951,2017-02-27,3.152812508084866
952,2017-02-26,2.7818933894866467
953,2017-02-25,3.338272067383976
954,2017-02-24,3.8946507452813046
955,2017-02-23,3.338272067383976
956,2017-02-22,3.152812508084866
957,2017-02-21,3.152812508084866
958,2017-02-20,2.5964338301875367
959,2017-02-19,2.4109742708884268
960,2017-02-18,2.5964338301875367
961,2017-02-17,2.5964338301875367
962,2017-02-16,2.5964338301875367
963,2017-02-15,2.4109742708884268
964,2017-02-14,2.4109742708884268
965,2017-02-13,2.4109742708884268
966,2017-02-12,2.4109742708884268
967,2017-02-11,2.7818933894866467
968,2017-02-10,2.7818933894866467
969,2017-02-09,3.152812508084866
970,2017-02-08,2.7818933894866467
971,2017-02-07,2.7818933894866467
972,2017-02-06,2.5964338301875367
973,2017-02-05,2.5964338301875367
974,2017-02-04,2.5964338301875367
975,2017-02-03,2.967352948785756
976,2017-02-02,2.967352948785756
977,2017-02-01,2.7818933894866467
978,2017-01-31,2.5964338301875367
979,2017-01-30,2.4109742708884268
980,2017-01-29,2.4109742708884268
981,2017-01-28,2.4109742708884268
982,2017-01-27,2.4109742708884268
983,2017-01-26,2.4109742708884268
984,2017-01-25,2.5964338301875367
985,2017-01-24,2.7818933894866467
986,2017-01-23,2.5964338301875367
987,2017-01-22,2.5964338301875367
988,2017-01-21,2.5964338301875367
989,2017-01-20,2.5964338301875367
990,2017-01-19,2.5964338301875367
991,2017-01-18,2.7818933894866467
992,2017-01-17,2.967352948785756
993,2017-01-16,2.5964338301875367
994,2017-01-15,2.5964338301875367
995,2017-01-14,2.967352948785756
996,2017-01-13,3.338272067383976
997,2017-01-12,3.8946507452813046
998,2017-01-11,3.709191185982195
999,2017-01-10,3.2269783265047427
1000,2017-01-09,3.5790123257598054
1001,2017-01-08,3.7550293253873366
1002,2017-01-07,4.107063324642399
1003,2017-01-06,4.869803656361702
1004,2017-01-05,5.867233320917713
1005,2017-01-04,4.7524589899433485
1006,2017-01-03,4.048390991433222
1007,2017-01-02,4.51776965710664
1008,2017-01-01,2.698927327622148
1009,2016-12-31,2.4055656615762624
1010,2016-12-30,2.9336166604588567
1011,2016-12-29,3.168305993295565
1012,2016-12-28,3.3443229929230966
1013,2016-12-27,2.9336166604588567
1014,2016-12-26,2.5815826612037944
1015,2016-12-25,2.7575996608313256
1016,2016-12-24,2.8162719940405023
1017,2016-12-23,3.402995326132274
1018,2016-12-22,3.0509613268772107
1019,2016-12-21,2.4055656615762624
1020,2016-12-20,2.112203995530377
1021,2016-12-19,2.0535316623211997
1022,2016-12-18,1.818842329484491
1023,2016-12-17,1.9361869959028455
1024,2016-12-16,1.9361869959028455
1025,2016-12-15,1.9361869959028455
1026,2016-12-14,1.9948593291120222
1027,2016-12-13,2.112203995530377
1028,2016-12-12,2.0535316623211997
1029,2016-12-11,1.8775146626936683
1030,2016-12-10,1.8775146626936683
1031,2016-12-09,1.818842329484491
1032,2016-12-08,2.112203995530377
1033,2016-12-07,2.0535316623211997
1034,2016-12-06,2.112203995530377
1035,2016-12-05,2.0535316623211997
1036,2016-12-04,1.9361869959028455
1037,2016-12-03,1.9361869959028455
1038,2016-12-02,2.170876328739554
1039,2016-12-01,2.0535316623211997
1040,2016-11-30,2.0535316623211997
1041,2016-11-29,2.0535316623211997
1042,2016-11-28,2.0535316623211997
1043,2016-11-27,1.9361869959028455
1044,2016-11-26,1.9361869959028455
1045,2016-11-25,1.8775146626936683
1046,2016-11-24,2.0535316623211997
1047,2016-11-23,2.0535316623211997
1048,2016-11-22,2.0535316623211997
1049,2016-11-21,1.9361869959028455
1050,2016-11-20,1.9361869959028455
1051,2016-11-19,1.9948593291120222
1052,2016-11-18,2.0535316623211997
1053,2016-11-17,2.112203995530377
1054,2016-11-16,2.112203995530377
1055,2016-11-15,1.818842329484491
1056,2016-11-14,1.8775146626936683
1057,2016-11-13,1.9361869959028455
1058,2016-11-12,1.8775146626936683
1059,2016-11-11,1.9361869959028455
1060,2016-11-10,1.9948593291120222
1061,2016-11-09,2.640254994412971
1062,2016-11-08,1.818842329484491
1063,2016-11-07,1.8775146626936683
1064,2016-11-06,1.9948593291120222
1065,2016-11-05,2.0535316623211997
1066,2016-11-04,1.9948593291120222
1067,2016-11-03,2.0535316623211997
1068,2016-11-02,2.0535316623211997
1069,2016-11-01,2.112203995530377
1070,2016-10-31,1.9361869959028455
1071,2016-10-30,1.9361869959028455
1072,2016-10-29,2.288220995157908
1073,2016-10-28,2.0535316623211997
1074,2016-10-27,1.8775146626936683
1075,2016-10-26,1.760169996275314
1076,2016-10-25,1.760169996275314
1077,2016-10-24,1.701497663066137
1078,2016-10-23,1.64282532985696
1079,2016-10-22,1.5254806634386053
1080,2016-10-21,1.4668083302294284
1081,2016-10-20,1.5841529966477825
1082,2016-10-19,1.5254806634386053
1083,2016-10-18,1.64282532985696
1084,2016-10-17,1.64282532985696
1085,2016-10-16,1.4668083302294284
1086,2016-10-15,1.5841529966477825
1087,2016-10-14,1.5841529966477825
1088,2016-10-13,1.64282532985696
1089,2016-10-12,1.8775146626936683
1090,2016-10-11,1.701497663066137
1091,2016-10-10,1.5254806634386053
1092,2016-10-09,1.5841529966477825
1093,2016-10-08,1.5254806634386053
1094,2016-10-07,1.5254806634386053
1095,2016-10-06,1.5254806634386053
1096,2016-10-05,1.5254806634386053
1097,2016-10-04,1.5254806634386053
1098,2016-10-03,1.5254806634386053
1099,2016-10-02,1.4081359970202512
1100,2016-10-01,1.4668083302294284
1101,2016-09-30,1.4081359970202512
1102,2016-09-29,1.4668083302294284
1103,2016-09-28,1.5254806634386053
1104,2016-09-27,1.5254806634386053
1105,2016-09-26,1.5841529966477825
1106,2016-09-25,1.5254806634386053
1107,2016-09-24,1.5254806634386053
1108,2016-09-23,1.5841529966477825
1109,2016-09-22,1.5254806634386053
1110,2016-09-21,1.701497663066137
1111,2016-09-20,1.5841529966477825
1112,2016-09-19,1.4668083302294284
1113,2016-09-18,1.5254806634386053
1114,2016-09-17,1.5841529966477825
1115,2016-09-16,1.5254806634386053
1116,2016-09-15,1.701497663066137
1117,2016-09-14,1.5254806634386053
1118,2016-09-13,1.64282532985696
1119,2016-09-12,1.5841529966477825
1120,2016-09-11,1.5841529966477825
1121,2016-09-10,1.5841529966477825
1122,2016-09-09,1.64282532985696
1123,2016-09-08,1.818842329484491
1124,2016-09-07,1.5254806634386053
1125,2016-09-06,1.5254806634386053
1126,2016-09-05,1.5841529966477825
1127,2016-09-04,1.5841529966477825
1128,2016-09-03,1.5254806634386053
1129,2016-09-02,1.4668083302294284
1130,2016-09-01,1.5254806634386053
1131,2016-08-31,1.4668083302294284
1132,2016-08-30,1.4668083302294284
1133,2016-08-29,1.5254806634386053
1134,2016-08-28,1.5254806634386053
1135,2016-08-27,1.4668083302294284
1136,2016-08-26,1.5254806634386053
1137,2016-08-25,1.5254806634386053
1138,2016-08-24,1.5841529966477825
1139,2016-08-23,1.64282532985696
1140,2016-08-22,1.4668083302294284
1141,2016-08-21,1.2907913306018972
1142,2016-08-20,1.4081359970202512
1143,2016-08-19,1.4668083302294284
1144,2016-08-18,1.4668083302294284
1145,2016-08-17,1.5254806634386053
1146,2016-08-16,1.5254806634386053
1147,2016-08-15,1.5841529966477825
1148,2016-08-14,1.349463663811074
1149,2016-08-13,1.477469327447081
1150,2016-08-12,1.477469327447081
1151,2016-08-11,1.477469327447081
1152,2016-08-10,1.62045023010325
1153,2016-08-09,1.7157708318740295
1154,2016-08-08,1.8587517345301985
1155,2016-08-07,1.7634311327594192
1156,2016-08-06,1.7157708318740295
1157,2016-08-05,1.9064120354155882
1158,2016-08-04,2.2876944424987062
1159,2016-08-03,3.5745225664042284
1160,2016-08-02,2.1447135398425368
1161,2016-08-01,1.6681105309886397
1162,2016-07-31,1.477469327447081
1163,2016-07-30,1.477469327447081
1164,2016-07-29,1.477469327447081
1165,2016-07-28,1.62045023010325
1166,2016-07-27,1.7634311327594192
1167,2016-07-26,1.7157708318740295
1168,2016-07-25,1.5727899292178602
1169,2016-07-24,1.5251296283324707
1170,2016-07-23,1.4298090265616912
1171,2016-07-22,1.5251296283324707
1172,2016-07-21,1.477469327447081
1173,2016-07-20,1.62045023010325
1174,2016-07-19,1.7634311327594192
1175,2016-07-18,1.62045023010325
1176,2016-07-17,1.6681105309886397
1177,2016-07-16,1.5727899292178602
1178,2016-07-15,1.62045023010325
1179,2016-07-14,1.7634311327594192
1180,2016-07-13,1.9064120354155882
1181,2016-07-12,1.8110914336448087
1182,2016-07-11,2.0017326371863677
1183,2016-07-10,2.1447135398425368
1184,2016-07-09,2.5736562478110443
1185,2016-07-08,2.1447135398425368
1186,2016-07-07,2.0017326371863677
1187,2016-07-06,1.9064120354155882
1188,2016-07-05,1.954072336300978
1189,2016-07-04,1.9064120354155882
1190,2016-07-03,2.0493929380717577
1191,2016-07-02,1.954072336300978
1192,2016-07-01,2.0970532389571472
1193,2016-06-30,2.0970532389571472
1194,2016-06-29,2.0970532389571472
1195,2016-06-28,2.1447135398425368
1196,2016-06-27,2.2400341416133163
1197,2016-06-26,2.1447135398425368
1198,2016-06-25,2.525995946925654
1199,2016-06-24,3.717503469060397
1200,2016-06-23,2.6213165486964343
1201,2016-06-22,2.4306753451548753
1202,2016-06-21,2.716637150467213
1203,2016-06-20,2.478335646040265
1204,2016-06-19,2.4306753451548753
1205,2016-06-18,2.4306753451548753
1206,2016-06-17,2.811957752237993
1207,2016-06-16,2.954938654894162
1208,2016-06-15,2.2876944424987062
1209,2016-06-14,2.6689768495818234
1210,2016-06-13,3.2409004602065
1211,2016-06-12,2.6689768495818234
1212,2016-06-11,1.7634311327594192
1213,2016-06-10,1.7634311327594192
1214,2016-06-09,1.8587517345301985
1215,2016-06-08,1.8110914336448087
1216,2016-06-07,2.0493929380717577
1217,2016-06-06,1.954072336300978
1218,2016-06-05,1.8587517345301985
1219,2016-06-04,2.0493929380717577
1220,2016-06-03,2.0017326371863677
1221,2016-06-02,1.8110914336448087
1222,2016-06-01,2.0017326371863677
1223,2016-05-31,2.2400341416133163
1224,2016-05-30,2.1923738407279267
1225,2016-05-29,2.0970532389571472
1226,2016-05-28,1.8110914336448087
1227,2016-05-27,1.6681105309886397
1228,2016-05-26,1.5251296283324707
1229,2016-05-25,1.477469327447081
1230,2016-05-24,1.4298090265616912
1231,2016-05-23,1.477469327447081
1232,2016-05-22,1.477469327447081
1233,2016-05-21,1.4298090265616912
1234,2016-05-20,1.5251296283324707
1235,2016-05-19,1.62045023010325
1236,2016-05-18,1.477469327447081
1237,2016-05-17,1.5727899292178602
1238,2016-05-16,1.62045023010325
1239,2016-05-15,1.477469327447081
1240,2016-05-14,1.4298090265616912
1241,2016-05-13,1.5727899292178602
1242,2016-05-12,1.5727899292178602
1243,2016-05-11,1.6681105309886397
1244,2016-05-10,1.7634311327594192
1245,2016-05-09,1.7634311327594192
1246,2016-05-08,1.62045023010325
1247,2016-05-07,1.7157708318740295
1248,2016-05-06,1.9064120354155882
1249,2016-05-05,2.1447135398425368
1250,2016-05-04,2.0493929380717577
1251,2016-05-03,2.8596180531233824
1252,2016-05-02,4.766030088538971
1253,2016-05-01,1.4298090265616912
1254,2016-04-30,1.477469327447081
1255,2016-04-29,1.5727899292178602
1256,2016-04-28,1.7634311327594192
1257,2016-04-27,1.6681105309886397
1258,2016-04-26,1.62045023010325
1259,2016-04-25,1.62045023010325
1260,2016-04-24,1.5727899292178602
1261,2016-04-23,1.477469327447081
1262,2016-04-22,1.62045023010325
1263,2016-04-21,1.477469327447081
1264,2016-04-20,1.3821487256763014
1265,2016-04-19,1.4298090265616912
1266,2016-04-18,1.3821487256763014
1267,2016-04-17,1.2391678230201324
1268,2016-04-16,1.2868281239055221
1269,2016-04-15,1.2868281239055221
1270,2016-04-14,1.3821487256763014
1271,2016-04-13,1.3821487256763014
1272,2016-04-12,1.4298090265616912
1273,2016-04-11,1.4298090265616912
1274,2016-04-10,1.4298090265616912
1275,2016-04-09,1.2868281239055221
1276,2016-04-08,1.3344884247909117
1277,2016-04-07,1.3821487256763014
1278,2016-04-06,1.477469327447081
1279,2016-04-05,1.3821487256763014
1280,2016-04-04,1.3821487256763014
1281,2016-04-03,1.3821487256763014
1282,2016-04-02,1.3344884247909117
1283,2016-04-01,1.3821487256763014
1284,2016-03-31,1.5251296283324707
1285,2016-03-30,1.477469327447081
1286,2016-03-29,1.477469327447081
1287,2016-03-28,1.4298090265616912
1288,2016-03-27,1.3344884247909117
1289,2016-03-26,1.3344884247909117
1290,2016-03-25,1.3821487256763014
1291,2016-03-24,1.4298090265616912
1292,2016-03-23,1.4298090265616912
1293,2016-03-22,1.477469327447081
1294,2016-03-21,1.4298090265616912
1295,2016-03-20,1.3344884247909117
1296,2016-03-19,1.2391678230201324
1297,2016-03-18,1.4298090265616912
1298,2016-03-17,1.3821487256763014
1299,2016-03-16,1.469376215227399
1300,2016-03-15,1.469376215227399
1301,2016-03-14,1.51677544797667
1302,2016-03-13,1.3271785169795862
1303,2016-03-12,1.3745777497288574
1304,2016-03-11,1.4219769824781283
1305,2016-03-10,1.4219769824781283
1306,2016-03-09,1.4219769824781283
1307,2016-03-08,1.51677544797667
1308,2016-03-07,1.611573913475212
1309,2016-03-06,1.3745777497288574
1310,2016-03-05,1.564174680725941
1311,2016-03-04,1.564174680725941
1312,2016-03-03,1.6589731462244828
1313,2016-03-02,1.611573913475212
1314,2016-03-01,1.611573913475212
1315,2016-02-29,1.4219769824781283
1316,2016-02-28,1.4219769824781283
1317,2016-02-27,1.469376215227399
1318,2016-02-26,1.3745777497288574
1319,2016-02-25,1.564174680725941
1320,2016-02-24,1.564174680725941
1321,2016-02-23,1.611573913475212
1322,2016-02-22,1.6589731462244828
1323,2016-02-21,1.706372378973754
1324,2016-02-20,1.611573913475212
1325,2016-02-19,1.6589731462244828
1326,2016-02-18,1.8959693099708375
1327,2016-02-17,1.706372378973754
1328,2016-02-16,1.611573913475212
1329,2016-02-15,1.6589731462244828
1330,2016-02-14,1.469376215227399
1331,2016-02-13,1.3271785169795862
1332,2016-02-12,1.51677544797667
1333,2016-02-11,1.51677544797667
1334,2016-02-10,1.564174680725941
1335,2016-02-09,1.469376215227399
1336,2016-02-08,1.4219769824781283
1337,2016-02-07,1.4219769824781283
1338,2016-02-06,1.2797792842303153
1339,2016-02-05,1.3271785169795862
1340,2016-02-04,1.469376215227399
1341,2016-02-03,1.4219769824781283
1342,2016-02-02,1.51677544797667
1343,2016-02-01,1.4219769824781283
1344,2016-01-31,1.3745777497288574
1345,2016-01-30,1.3271785169795862
1346,2016-01-29,1.469376215227399
1347,2016-01-28,1.51677544797667
1348,2016-01-27,1.564174680725941
1349,2016-01-26,1.564174680725941
1350,2016-01-25,1.51677544797667
1351,2016-01-24,1.51677544797667
1352,2016-01-23,1.564174680725941
1353,2016-01-22,1.706372378973754
1354,2016-01-21,1.7537716117230249
1355,2016-01-20,1.9433685427201084
1356,2016-01-19,1.706372378973754
1357,2016-01-18,1.8485700772215665
1358,2016-01-17,1.8485700772215665
1359,2016-01-16,2.2751631719650054
1360,2016-01-15,2.227763939215734
1361,2016-01-14,1.51677544797667
1362,2016-01-13,1.6589731462244828
1363,2016-01-12,1.51677544797667
1364,2016-01-11,1.51677544797667
1365,2016-01-10,1.469376215227399
1366,2016-01-09,1.51677544797667
1367,2016-01-08,1.706372378973754
1368,2016-01-07,1.7537716117230249
1369,2016-01-06,1.564174680725941
1370,2016-01-05,1.564174680725941
1371,2016-01-04,1.611573913475212
1372,2016-01-03,1.51677544797667
1373,2016-01-02,1.3745777497288574
1374,2016-01-01,1.3745777497288574
1375,2015-12-31,1.4219769824781283
1376,2015-12-30,1.469376215227399
1377,2015-12-29,1.611573913475212
1378,2015-12-28,1.6589731462244828
1379,2015-12-27,1.51677544797667
1380,2015-12-26,1.706372378973754
1381,2015-12-25,1.564174680725941
1382,2015-12-24,1.6589731462244828
1383,2015-12-23,1.6589731462244828
1384,2015-12-22,1.51677544797667
1385,2015-12-21,1.6589731462244828
1386,2015-12-20,1.51677544797667
1387,2015-12-19,1.611573913475212
1388,2015-12-18,1.6589731462244828
1389,2015-12-17,1.7537716117230249
1390,2015-12-16,1.9433685427201084
1391,2015-12-15,1.9433685427201084
1392,2015-12-14,1.7537716117230249
1393,2015-12-13,1.7537716117230249
1394,2015-12-12,1.9433685427201084
1395,2015-12-11,2.1803647064664635
1396,2015-12-10,2.6543570339591724
1397,2015-12-09,4.218531714685113
1398,2015-12-08,1.9433685427201084
1399,2015-12-07,1.564174680725941
1400,2015-12-06,1.564174680725941
1401,2015-12-05,1.3745777497288574
1402,2015-12-04,1.3745777497288574
1403,2015-12-03,1.51677544797667
1404,2015-12-02,1.469376215227399
1405,2015-12-01,1.51677544797667
1406,2015-11-30,1.564174680725941
1407,2015-11-29,1.3745777497288574
1408,2015-11-28,1.3745777497288574
1409,2015-11-27,1.4219769824781283
1410,2015-11-26,1.564174680725941
1411,2015-11-25,1.4219769824781283
1412,2015-11-24,1.51677544797667
1413,2015-11-23,1.564174680725941
1414,2015-11-22,1.469376215227399
1415,2015-11-21,1.469376215227399
1416,2015-11-20,1.611573913475212
1417,2015-11-19,1.611573913475212
1418,2015-11-18,1.611573913475212
1419,2015-11-17,1.564174680725941
1420,2015-11-16,1.51677544797667
1421,2015-11-15,1.3745777497288574
1422,2015-11-14,1.3745777497288574
1423,2015-11-13,1.564174680725941
1424,2015-11-12,1.706372378973754
1425,2015-11-11,1.8485700772215665
1426,2015-11-10,1.8011708444722958
1427,2015-11-09,1.9433685427201084
1428,2015-11-08,1.706372378973754
1429,2015-11-07,1.8959693099708375
1430,2015-11-06,2.322562404714276
1431,2015-11-05,3.0809501287026113
1432,2015-11-04,3.6023416889445916
1433,2015-11-03,2.7491554994577148
1434,2015-11-02,1.8485700772215665
1435,2015-11-01,1.6589731462244828
1436,2015-10-31,1.564174680725941
1437,2015-10-30,1.7537716117230249
1438,2015-10-29,1.706372378973754
1439,2015-10-28,1.564174680725941
1440,2015-10-27,1.469376215227399
1441,2015-10-26,1.3745777497288574
1442,2015-10-25,1.469376215227399
1443,2015-10-24,1.2323800514810446
1444,2015-10-23,1.3745777497288574
1445,2015-10-22,1.4219769824781283
1446,2015-10-21,1.2323800514810446
1447,2015-10-20,1.3271785169795862
1448,2015-10-19,1.1849808187317734
1449,2015-10-18,1.252382050016829
1450,2015-10-17,1.252382050016829
1451,2015-10-16,1.252382050016829
1452,2015-10-15,1.2106359816829346
1453,2015-10-14,1.252382050016829
1454,2015-10-13,1.0853977766812517
1455,2015-10-12,1.252382050016829
1456,2015-10-11,1.127143845015146
1457,2015-10-10,1.127143845015146
1458,2015-10-09,1.1688899133490402
1459,2015-10-08,1.2106359816829346
1460,2015-10-07,1.2106359816829346
1461,2015-10-06,1.3358741866846173
1462,2015-10-05,1.2106359816829346
1463,2015-10-04,1.1688899133490402
1464,2015-10-03,1.0436517083473573
1465,2015-10-02,1.0853977766812517
1466,2015-10-01,1.127143845015146
1467,2015-09-30,1.252382050016829
1468,2015-09-29,1.252382050016829
1469,2015-09-28,1.1688899133490402
1470,2015-09-27,1.2106359816829346
1471,2015-09-26,1.2106359816829346
1472,2015-09-25,1.1688899133490402
1473,2015-09-24,1.1688899133490402
1474,2015-09-23,1.252382050016829
1475,2015-09-22,1.2941281183507232
1476,2015-09-21,1.2106359816829346
1477,2015-09-20,1.127143845015146
1478,2015-09-19,1.2106359816829346
1479,2015-09-18,1.3358741866846173
1480,2015-09-17,1.252382050016829
1481,2015-09-16,1.1688899133490402
1482,2015-09-15,1.2106359816829346
1483,2015-09-14,1.1688899133490402
1484,2015-09-13,1.127143845015146
1485,2015-09-12,1.127143845015146
1486,2015-09-11,1.252382050016829
1487,2015-09-10,1.1688899133490402
1488,2015-09-09,1.1688899133490402
1489,2015-09-08,1.1688899133490402
1490,2015-09-07,1.127143845015146
1491,2015-09-06,1.1688899133490402
1492,2015-09-05,1.127143845015146
1493,2015-09-04,1.1688899133490402
1494,2015-09-03,1.2106359816829346
1495,2015-09-02,1.252382050016829
1496,2015-09-01,1.2106359816829346
1497,2015-08-31,1.1688899133490402
1498,2015-08-30,1.2941281183507232
1499,2015-08-29,1.2106359816829346
1500,2015-08-28,1.3358741866846173
1501,2015-08-27,1.3358741866846173
1502,2015-08-26,1.4193663233524059
1503,2015-08-25,1.6280966650218776
1504,2015-08-24,1.544604528354089
1505,2015-08-23,1.4193663233524059
1506,2015-08-22,1.3358741866846173
1507,2015-08-21,1.4611123916863005
1508,2015-08-20,1.5028584600201949
1509,2015-08-19,1.7950809383574546
1510,2015-08-18,1.4611123916863005
1511,2015-08-17,1.1688899133490402
1512,2015-08-16,1.2941281183507232
1513,2015-08-15,1.1688899133490402
1514,2015-08-14,1.1688899133490402
1515,2015-08-13,1.252382050016829
1516,2015-08-12,1.2106359816829346
1517,2015-08-11,1.2106359816829346
1518,2015-08-10,1.2106359816829346
1519,2015-08-09,1.2106359816829346
1520,2015-08-08,1.2941281183507232
1521,2015-08-07,1.252382050016829
1522,2015-08-06,1.252382050016829
1523,2015-08-05,1.377620255018512
1524,2015-08-04,1.377620255018512
1525,2015-08-03,1.4193663233524059
1526,2015-08-02,1.544604528354089
1527,2015-08-01,2.0038112800269263
1528,2015-07-31,1.1688899133490402
1529,2015-07-30,1.1688899133490402
1530,2015-07-29,1.252382050016829
1531,2015-07-28,1.3358741866846173
1532,2015-07-27,1.4611123916863005
1533,2015-07-26,1.3358741866846173
1534,2015-07-25,1.252382050016829
1535,2015-07-24,1.1688899133490402
1536,2015-07-23,1.1688899133490402
1537,2015-07-22,1.2941281183507232
1538,2015-07-21,1.2941281183507232
1539,2015-07-20,1.2941281183507232
1540,2015-07-19,1.377620255018512
1541,2015-07-18,1.252382050016829
1542,2015-07-17,1.2941281183507232
1543,2015-07-16,1.4193663233524059
1544,2015-07-15,1.377620255018512
1545,2015-07-14,1.377620255018512
1546,2015-07-13,1.544604528354089
1547,2015-07-12,1.7950809383574546
1548,2015-07-11,1.5028584600201949
1549,2015-07-10,1.5863505966879834
1550,2015-07-09,1.5028584600201949
1551,2015-07-08,1.4193663233524059
1552,2015-07-07,1.4611123916863005
1553,2015-07-06,1.6280966650218776
1554,2015-07-05,1.5863505966879834
1555,2015-07-04,1.377620255018512
1556,2015-07-03,1.4193663233524059
1557,2015-07-02,1.377620255018512
1558,2015-07-01,1.544604528354089
1559,2015-06-30,1.711588801689666
1560,2015-06-29,1.4193663233524059
1561,2015-06-28,1.1688899133490402
1562,2015-06-27,1.2106359816829346
1563,2015-06-26,1.0436517083473573
1564,2015-06-25,1.3358741866846173
1565,2015-06-24,1.0853977766812517
1566,2015-06-23,1.2106359816829346
1567,2015-06-22,1.1688899133490402
1568,2015-06-21,1.2106359816829346
1569,2015-06-20,1.377620255018512
1570,2015-06-19,1.3358741866846173
1571,2015-06-18,2.4212719633658693
1572,2015-06-17,1.2941281183507232
1573,2015-06-16,1.252382050016829
1574,2015-06-15,1.127143845015146
1575,2015-06-14,1.127143845015146
1576,2015-06-13,1.0019056400134632
1577,2015-06-12,1.0019056400134632
1578,2015-06-11,1.0853977766812517
1579,2015-06-10,1.1688899133490402
1580,2015-06-09,1.127143845015146
1581,2015-06-08,1.0853977766812517
1582,2015-06-07,1.127143845015146
1583,2015-06-06,1.0853977766812517
1584,2015-06-05,1.1688899133490402
1585,2015-06-04,1.1688899133490402
1586,2015-06-03,1.0853977766812517
1587,2015-06-02,1.2106359816829346
1588,2015-06-01,1.1688899133490402
1589,2015-05-31,1.2106359816829346
1590,2015-05-30,1.4193663233524059
1591,2015-05-29,1.2106359816829346
1592,2015-05-28,1.0853977766812517
1593,2015-05-27,1.2106359816829346
1594,2015-05-26,1.252382050016829
1595,2015-05-25,1.0853977766812517
1596,2015-05-24,1.127143845015146
1597,2015-05-23,1.0853977766812517
1598,2015-05-22,1.1688899133490402
1599,2015-05-21,1.1754702515610311
1600,2015-05-20,1.3025481165946564
1601,2015-05-19,1.3660870491114685
1602,2015-05-18,1.1754702515610311
1603,2015-05-17,1.1119313190442188
1604,2015-05-16,1.1754702515610311
1605,2015-05-15,1.2072397178194374
1606,2015-05-14,1.3025481165946564
1607,2015-05-13,1.1119313190442188
1608,2015-05-12,1.1437007853026249
1609,2015-05-11,1.1119313190442188
1610,2015-05-10,1.0801618527858123
1611,2015-05-09,0.9213145214937812
1612,2015-05-08,1.1119313190442188
1613,2015-05-07,1.048392386527406
1614,2015-05-06,1.1437007853026249
1615,2015-05-05,1.1119313190442188
1616,2015-05-04,1.2072397178194374
1617,2015-05-03,1.0801618527858123
1618,2015-05-02,0.9530839877521874
1619,2015-05-01,1.048392386527406
1620,2015-04-30,1.2707786503362501
1621,2015-04-29,1.1119313190442188
1622,2015-04-28,1.1437007853026249
1623,2015-04-27,1.0801618527858123
1624,2015-04-26,1.1119313190442188
1625,2015-04-25,1.1119313190442188
1626,2015-04-24,1.2072397178194374
1627,2015-04-23,1.2390091840778434
1628,2015-04-22,1.2707786503362501
1629,2015-04-21,1.2072397178194374
1630,2015-04-20,1.1119313190442188
1631,2015-04-19,1.0801618527858123
1632,2015-04-18,1.2072397178194374
1633,2015-04-17,1.1437007853026249
1634,2015-04-16,1.1754702515610311
1635,2015-04-15,1.1754702515610311
1636,2015-04-14,1.3343175828530622
1637,2015-04-13,1.2072397178194374
1638,2015-04-12,1.0801618527858123
1639,2015-04-11,1.1119313190442188
1640,2015-04-10,1.2707786503362501
1641,2015-04-09,1.3660870491114685
1642,2015-04-08,1.2707786503362501
1643,2015-04-07,1.2707786503362501
1644,2015-04-06,1.3025481165946564
1645,2015-04-05,1.1437007853026249
1646,2015-04-04,1.1437007853026249
1647,2015-04-03,1.2390091840778434
1648,2015-04-02,1.2707786503362501
1649,2015-04-01,1.3343175828530622
1650,2015-03-31,1.3660870491114685
1651,2015-03-30,1.3025481165946564
1652,2015-03-29,1.1437007853026249
1653,2015-03-28,1.1437007853026249
1654,2015-03-27,1.2707786503362501
1655,2015-03-26,1.3025481165946564
1656,2015-03-25,1.3660870491114685
1657,2015-03-24,1.2707786503362501
1658,2015-03-23,1.3660870491114685
1659,2015-03-22,1.1754702515610311
1660,2015-03-21,1.2072397178194374
1661,2015-03-20,1.2707786503362501
1662,2015-03-19,1.3343175828530622
1663,2015-03-18,1.3978565153698748
1664,2015-03-17,1.3343175828530622
1665,2015-03-16,1.3660870491114685
1666,2015-03-15,1.3343175828530622
1667,2015-03-14,1.3025481165946564
1668,2015-03-13,1.3660870491114685
1669,2015-03-12,1.4931649141450936
1670,2015-03-11,1.556703846661906
1671,2015-03-10,1.6520122454371249
1672,2015-03-09,1.5249343804034998
1673,2015-03-08,1.429625981628281
1674,2015-03-07,1.6837817116955311
1675,2015-03-06,1.6202427791787186
1676,2015-03-05,1.4613954478866873
1677,2015-03-04,1.3978565153698748
1678,2015-03-03,1.3978565153698748
1679,2015-03-02,1.3343175828530622
1680,2015-03-01,1.2072397178194374
1681,2015-02-28,1.2707786503362501
1682,2015-02-27,1.2707786503362501
1683,2015-02-26,1.2390091840778434
1684,2015-02-25,1.2707786503362501
1685,2015-02-24,1.2072397178194374
1686,2015-02-23,1.3343175828530622
1687,2015-02-22,1.3978565153698748
1688,2015-02-21,1.429625981628281
1689,2015-02-20,2.1603237055716247
1690,2015-02-19,1.5249343804034998
1691,2015-02-18,1.3978565153698748
1692,2015-02-17,1.3978565153698748
1693,2015-02-16,1.3343175828530622
1694,2015-02-15,1.429625981628281
1695,2015-02-14,1.3660870491114685
1696,2015-02-13,1.3660870491114685
1697,2015-02-12,1.3660870491114685
1698,2015-02-11,1.4613954478866873
1699,2015-02-10,1.556703846661906
1700,2015-02-09,1.6520122454371249
1701,2015-02-08,1.5884733129203124
1702,2015-02-07,1.4931649141450936
1703,2015-02-06,1.4613954478866873
1704,2015-02-05,1.3660870491114685
1705,2015-02-04,1.3660870491114685
1706,2015-02-03,1.2707786503362501
1707,2015-02-02,1.2072397178194374
1708,2015-02-01,1.2707786503362501
1709,2015-01-31,1.1437007853026249
1710,2015-01-30,1.3025481165946564
1711,2015-01-29,1.5249343804034998
1712,2015-01-28,1.556703846661906
1713,2015-01-27,1.7155511779539374
1714,2015-01-26,1.9061679755043748
1715,2015-01-25,1.429625981628281
1716,2015-01-24,1.429625981628281
1717,2015-01-23,1.4613954478866873
1718,2015-01-22,1.4931649141450936
1719,2015-01-21,1.5884733129203124
1720,2015-01-20,1.4613954478866873
1721,2015-01-19,1.429625981628281
1722,2015-01-18,1.3660870491114685
1723,2015-01-17,1.4931649141450936
1724,2015-01-16,1.8743985092459687
1725,2015-01-15,2.192093171830031
1726,2015-01-14,2.573326766930906
1727,2015-01-13,1.7473206442123435
1728,2015-01-12,1.429625981628281
1729,2015-01-11,1.3025481165946564
1730,2015-01-10,1.3660870491114685
1731,2015-01-09,1.3978565153698748
1732,2015-01-08,1.3978565153698748
1733,2015-01-07,1.4613954478866873
1734,2015-01-06,1.8743985092459687
1735,2015-01-05,1.7155511779539374
1736,2015-01-04,1.7473206442123435
1737,2015-01-03,1.3978565153698748
1738,2015-01-02,1.429625981628281
1739,2015-01-01,1.1119313190442188
1740,2014-12-31,1.2390091840778434
1741,2014-12-30,1.3660870491114685
1742,2014-12-29,1.3660870491114685
1743,2014-12-28,1.3025481165946564
1744,2014-12-27,3.1769466258406247
1745,2014-12-26,1.4931649141450936
1746,2014-12-25,1.2072397178194374
1747,2014-12-24,1.3025481165946564
1748,2014-12-23,1.3660870491114685
1749,2014-12-22,1.3771985034142697
1750,2014-12-21,1.3771985034142697
1751,2014-12-20,1.3771985034142697
1752,2014-12-19,1.3771985034142697
1753,2014-12-18,1.5649982993343976
1754,2014-12-17,1.5962982653210853
1755,2014-12-16,1.5649982993343976
1756,2014-12-15,1.3458985374275818
1757,2014-12-14,1.4084984694009577
1758,2014-12-13,1.3771985034142697
1759,2014-12-12,1.721498129267837
1760,2014-12-11,1.8466979932145888
1761,2014-12-10,1.3771985034142697
1762,2014-12-09,1.3145985714408939
1763,2014-12-08,1.3458985374275818
1764,2014-12-07,1.3458985374275818
1765,2014-12-06,1.22069867348083
1766,2014-12-05,1.283298605454206
1767,2014-12-04,1.3771985034142697
1768,2014-12-03,1.3771985034142697
1769,2014-12-02,1.4710984013743336
1770,2014-12-01,1.4084984694009577
1771,2014-11-30,1.22069867348083
1772,2014-11-29,1.0954988095340783
1773,2014-11-28,1.1893987074941421
1774,2014-11-27,1.1893987074941421
1775,2014-11-26,1.2519986394675178
1776,2014-11-25,1.283298605454206
1777,2014-11-24,1.3145985714408939
1778,2014-11-23,1.1580987415074542
1779,2014-11-22,1.3145985714408939
1780,2014-11-21,1.4084984694009577
1781,2014-11-20,1.283298605454206
1782,2014-11-19,1.4710984013743336
1783,2014-11-18,1.4397984353876456
1784,2014-11-17,1.4397984353876456
1785,2014-11-16,1.5023983673610215
1786,2014-11-15,1.4397984353876456
1787,2014-11-14,1.5023983673610215
1788,2014-11-13,1.7840980612412132
1789,2014-11-12,1.7840980612412132
1790,2014-11-11,1.4397984353876456
1791,2014-11-10,1.5023983673610215
1792,2014-11-09,1.283298605454206
1793,2014-11-08,1.283298605454206
1794,2014-11-07,1.4710984013743336
1795,2014-11-06,1.5023983673610215
1796,2014-11-05,1.3145985714408939
1797,2014-11-04,1.3458985374275818
1798,2014-11-03,1.3458985374275818
1799,2014-11-02,1.22069867348083
1800,2014-11-01,1.22069867348083
1801,2014-10-31,1.126798775520766
1802,2014-10-30,1.283298605454206
1803,2014-10-29,1.3458985374275818
1804,2014-10-28,1.3458985374275818
1805,2014-10-27,1.2519986394675178
1806,2014-10-26,1.1580987415074542
1807,2014-10-25,1.283298605454206
1808,2014-10-24,1.3771985034142697
1809,2014-10-23,1.3145985714408939
1810,2014-10-22,1.2519986394675178
1811,2014-10-21,1.3145985714408939
1812,2014-10-20,1.22069867348083
1813,2014-10-19,1.3458985374275818
1814,2014-10-18,1.3145985714408939
1815,2014-10-17,1.4397984353876456
1816,2014-10-16,1.5023983673610215
1817,2014-10-15,1.6275982313077733
1818,2014-10-14,1.6588981972944614
1819,2014-10-13,1.4084984694009577
1820,2014-10-12,1.2519986394675178
1821,2014-10-11,1.4710984013743336
1822,2014-10-10,1.5962982653210853
1823,2014-10-09,1.5962982653210853
1824,2014-10-08,1.6901981632811491
1825,2014-10-07,1.7527980952545252
1826,2014-10-06,1.9718978571613406
1827,2014-10-05,1.8466979932145888
1828,2014-10-04,1.6588981972944614
1829,2014-10-03,1.5023983673610215
1830,2014-10-02,1.4397984353876456
1831,2014-10-01,1.4397984353876456
1832,2014-09-30,1.4710984013743336
1833,2014-09-29,1.5649982993343976
1834,2014-09-28,1.3771985034142697
1835,2014-09-27,1.283298605454206
1836,2014-09-26,1.4084984694009577
1837,2014-09-25,1.5649982993343976
1838,2014-09-24,1.8466979932145888
1839,2014-09-23,1.6275982313077733
1840,2014-09-22,1.4397984353876456
1841,2014-09-21,1.3458985374275818
1842,2014-09-20,1.4084984694009577
1843,2014-09-19,1.7527980952545252
1844,2014-09-18,1.5023983673610215
1845,2014-09-17,1.3771985034142697
1846,2014-09-16,1.3458985374275818
1847,2014-09-15,1.4084984694009577
1848,2014-09-14,1.4397984353876456
1849,2014-09-13,1.3771985034142697
1850,2014-09-12,1.5649982993343976
1851,2014-09-11,2.0657977551214044
1852,2014-09-10,1.877997959201277
1853,2014-09-09,1.6588981972944614
1854,2014-09-08,1.4084984694009577
1855,2014-09-07,1.3771985034142697
1856,2014-09-06,1.283298605454206
1857,2014-09-05,1.4397984353876456
1858,2014-09-04,1.5649982993343976
1859,2014-09-03,1.5023983673610215
1860,2014-09-02,1.4084984694009577
1861,2014-09-01,1.6275982313077733
1862,2014-08-31,1.4084984694009577
1863,2014-08-30,1.3145985714408939
1864,2014-08-29,1.3771985034142697
1865,2014-08-28,1.283298605454206
1866,2014-08-27,1.22069867348083
1867,2014-08-26,1.4397984353876456
1868,2014-08-25,1.2519986394675178
1869,2014-08-24,1.3145985714408939
1870,2014-08-23,1.4084984694009577
1871,2014-08-22,1.5023983673610215
1872,2014-08-21,1.5023983673610215
1873,2014-08-20,1.6588981972944614
1874,2014-08-19,1.721498129267837
1875,2014-08-18,1.8466979932145888
1876,2014-08-17,1.5336983333477094
1877,2014-08-16,1.7840980612412132
1878,2014-08-15,1.6901981632811491
1879,2014-08-14,1.6901981632811491
1880,2014-08-13,2.0970977211080926
1881,2014-08-12,1.5023983673610215
1882,2014-08-11,1.4710984013743336
1883,2014-08-10,1.283298605454206
1884,2014-08-09,1.283298605454206
1885,2014-08-08,1.3458985374275818
1886,2014-08-07,1.4084984694009577
1887,2014-08-06,1.5962982653210853
1888,2014-08-05,1.4397984353876456
1889,2014-08-04,1.3145985714408939
1890,2014-08-03,1.283298605454206
1891,2014-08-02,1.22069867348083
1892,2014-08-01,1.2519986394675178
1893,2014-07-31,1.5023983673610215
1894,2014-07-30,1.5649982993343976
1895,2014-07-29,1.3771985034142697
1896,2014-07-28,1.283298605454206
1897,2014-07-27,1.22069867348083
1898,2014-07-26,1.2519986394675178
1899,2014-07-25,1.2761792754690233
1900,2014-07-24,1.4463365121982266
1901,2014-07-23,1.3612578938336248
1902,2014-07-22,1.4463365121982266
1903,2014-07-21,1.4463365121982266
1904,2014-07-20,1.3612578938336248
1905,2014-07-19,1.6164937489274296
1906,2014-07-18,1.5314151305628279
1907,2014-07-17,1.5314151305628279
1908,2014-07-16,1.701572367292031
1909,2014-07-15,1.4463365121982266
1910,2014-07-14,1.2761792754690233
1911,2014-07-13,1.1911006571044218
1912,2014-07-12,1.2761792754690233
1913,2014-07-11,1.4463365121982266
1914,2014-07-10,1.4463365121982266
1915,2014-07-09,1.3612578938336248
1916,2014-07-08,1.3612578938336248
1917,2014-07-07,1.5314151305628279
1918,2014-07-06,1.3612578938336248
1919,2014-07-05,1.1911006571044218
1920,2014-07-04,1.4463365121982266
1921,2014-07-03,1.5314151305628279
1922,2014-07-02,1.701572367292031
1923,2014-07-01,1.701572367292031
1924,2014-06-30,1.5314151305628279
1925,2014-06-29,1.1911006571044218
1926,2014-06-28,1.4463365121982266
1927,2014-06-27,1.6164937489274296
1928,2014-06-26,1.2761792754690233
1929,2014-06-25,1.2761792754690233
1930,2014-06-24,1.2761792754690233
1931,2014-06-23,1.4463365121982266
1932,2014-06-22,1.4463365121982266
1933,2014-06-21,1.2761792754690233
1934,2014-06-20,1.6164937489274296
1935,2014-06-19,1.6164937489274296
1936,2014-06-18,1.701572367292031
1937,2014-06-17,1.701572367292031
1938,2014-06-16,1.701572367292031
1939,2014-06-15,1.6164937489274296
1940,2014-06-14,1.6164937489274296
1941,2014-06-13,2.0418868407504376
1942,2014-06-12,1.8717296040212343
1943,2014-06-11,1.701572367292031
1944,2014-06-10,1.6164937489274296
1945,2014-06-09,1.3612578938336248
1946,2014-06-08,1.4463365121982266
1947,2014-06-07,1.2761792754690233
1948,2014-06-06,1.6164937489274296
1949,2014-06-05,1.6164937489274296
1950,2014-06-04,1.7866509856566328
1951,2014-06-03,1.8717296040212343
1952,2014-06-02,1.6164937489274296
1953,2014-06-01,1.701572367292031
1954,2014-05-31,1.5314151305628279
1955,2014-05-30,1.701572367292031
1956,2014-05-29,1.8717296040212343
1957,2014-05-28,1.8717296040212343
1958,2014-05-27,1.7866509856566328
1959,2014-05-26,1.8717296040212343
1960,2014-05-25,1.701572367292031
1961,2014-05-24,1.5314151305628279
1962,2014-05-23,1.701572367292031
1963,2014-05-22,1.701572367292031
1964,2014-05-21,1.6164937489274296
1965,2014-05-20,1.701572367292031
1966,2014-05-19,1.4463365121982266
1967,2014-05-18,1.2761792754690233
1968,2014-05-17,1.3612578938336248
1969,2014-05-16,1.5314151305628279
1970,2014-05-15,1.6164937489274296
1971,2014-05-14,1.4463365121982266
1972,2014-05-13,1.5314151305628279
1973,2014-05-12,1.3612578938336248
1974,2014-05-11,1.3612578938336248
1975,2014-05-10,1.2761792754690233
1976,2014-05-09,1.5314151305628279
1977,2014-05-08,1.6164937489274296
1978,2014-05-07,1.5314151305628279
1979,2014-05-06,1.6164937489274296
1980,2014-05-05,1.701572367292031
1981,2014-05-04,1.3612578938336248
1982,2014-05-03,1.2761792754690233
1983,2014-05-02,1.3612578938336248
1984,2014-05-01,1.7866509856566328
1985,2014-04-30,1.7866509856566328
1986,2014-04-29,1.6164937489274296
1987,2014-04-28,1.6164937489274296
1988,2014-04-27,1.5314151305628279
1989,2014-04-26,1.5314151305628279
1990,2014-04-25,1.8717296040212343
1991,2014-04-24,1.701572367292031
1992,2014-04-23,1.6164937489274296
1993,2014-04-22,1.6164937489274296
1994,2014-04-21,1.701572367292031
1995,2014-04-20,1.5314151305628279
1996,2014-04-19,1.7866509856566328
1997,2014-04-18,1.7866509856566328
1998,2014-04-17,1.8717296040212343
1999,2014-04-16,2.2120440774796406
2000,2014-04-15,2.0418868407504376
2001,2014-04-14,1.9568082223858356
2002,2014-04-13,1.7866509856566328
2003,2014-04-12,1.701572367292031
2004,2014-04-11,2.467279932573445
2005,2014-04-10,2.6374371693026486
2006,2014-04-09,2.2120440774796406
2007,2014-04-08,1.9568082223858356
2008,2014-04-07,1.7866509856566328
2009,2014-04-06,1.8717296040212343
2010,2014-04-05,1.701572367292031
2011,2014-04-04,1.9568082223858356
2012,2014-04-03,2.297122695844242
2013,2014-04-02,2.3822013142088436
2014,2014-04-01,2.2120440774796406
2015,2014-03-31,2.3822013142088436
2016,2014-03-30,2.297122695844242
2017,2014-03-29,2.0418868407504376
2018,2014-03-28,2.6374371693026486
2019,2014-03-27,2.807594406031851
2020,2014-03-26,2.9777516427610546
2021,2014-03-25,2.892673024396453
2022,2014-03-24,2.3822013142088436
2023,2014-03-23,2.1269654591150386
2024,2014-03-22,2.3822013142088436
2025,2014-03-21,3.1479088794902577
2026,2014-03-20,2.6374371693026486
2027,2014-03-19,2.467279932573445
2028,2014-03-18,2.3822013142088436
2029,2014-03-17,2.297122695844242
2030,2014-03-16,2.2120440774796406
2031,2014-03-15,2.297122695844242
2032,2014-03-14,2.5523585509380466
2033,2014-03-13,2.7225157876672497
2034,2014-03-12,2.9777516427610546
2035,2014-03-11,3.1479088794902577
2036,2014-03-10,3.4882233529486633
2037,2014-03-09,3.403144734584062
2038,2014-03-08,4.253930918230077
2039,2014-03-07,8.507861836460155
2040,2014-03-06,7.146603942626531
2041,2014-03-05,4.764402628417687
2042,2014-03-04,4.168852299865476
2043,2014-03-03,3.998695063136273
2044,2014-03-02,3.9136164447716713
2045,2014-03-01,5.445031575334499
2046,2014-02-28,7.146603942626531
2047,2014-02-27,5.104717101876093
2048,2014-02-26,8.16754736300175
2049,2014-02-25,11.058474787483165
2050,2014-02-24,4.720080701974522
2051,2014-02-23,2.832048421184713
2052,2014-02-22,3.1017673184404004
2053,2014-02-21,3.776064561579618
2054,2014-02-20,4.315502356090991
2055,2014-02-19,3.5063456643239306
2056,2014-02-18,3.776064561579618
2057,2014-02-17,3.371486215696087
2058,2014-02-16,3.5063456643239306
2059,2014-02-15,3.5063456643239306
2060,2014-02-14,4.854940150602365
2061,2014-02-13,3.910924010207461
2062,2014-02-12,4.315502356090991
2063,2014-02-11,4.989799599230208
2064,2014-02-10,5.124659047858053
2065,2014-02-09,3.371486215696087
2066,2014-02-08,3.5063456643239306
2067,2014-02-07,4.585221253346678
2068,2014-02-06,3.236626767068244
2069,2014-02-05,3.1017673184404004
2070,2014-02-04,3.236626767068244
2071,2014-02-03,2.966907869812556
2072,2014-02-02,3.1017673184404004
2073,2014-02-01,2.966907869812556
2074,2014-01-31,3.236626767068244
2075,2014-01-30,3.5063456643239306
2076,2014-01-29,4.045783458835305
2077,2014-01-28,5.259518496485896
2078,2014-01-27,4.854940150602365
2079,2014-01-26,3.371486215696087
2080,2014-01-25,3.371486215696087
2081,2014-01-24,4.045783458835305
2082,2014-01-23,4.180642907463148
2083,2014-01-22,4.585221253346678
2084,2014-01-21,4.315502356090991
2085,2014-01-20,4.045783458835305
2086,2014-01-19,3.371486215696087
2087,2014-01-18,3.371486215696087
2088,2014-01-17,4.450361804718835
2089,2014-01-16,4.450361804718835
2090,2014-01-15,3.776064561579618
2091,2014-01-14,3.776064561579618
2092,2014-01-13,3.6412051129517744
2093,2014-01-12,3.6412051129517744
2094,2014-01-11,3.776064561579618
2095,2014-01-10,4.180642907463148
2096,2014-01-09,4.180642907463148
2097,2014-01-08,4.180642907463148
2098,2014-01-07,4.180642907463148
2099,2014-01-06,4.720080701974522
2100,2014-01-05,3.6412051129517744
2101,2014-01-04,3.371486215696087
2102,2014-01-03,3.910924010207461
2103,2014-01-02,3.5063456643239306
2104,2014-01-01,3.1017673184404004
